iteration,residual_inf,revelation_deficit,max_fr_error
1.0,0.3245210781399336,0.0350959663688416,0.33894027349769706
2.0,0.23749660094305358,0.033154435492971146,0.29475109535676525
3.0,0.17624121060720632,0.03400516207486459,0.2516071030860826
4.0,0.13211054133437547,0.033687569900165526,0.21230661567900425
5.0,0.11511800241219128,0.0319775290875719,0.19370277922565454
6.0,0.09895332510333765,0.02926336859224765,0.18718640759241706
7.0,0.08379262893805356,0.025952895563566503,0.17973011454766336
8.0,0.07018700200368233,0.022370886096743647,0.17193086117246903
9.0,0.058309783132995285,0.01876611609382628,0.16414038906740236
10.0,0.04813689321006753,0.015329990670011284,0.15655914738134097
11.0,0.0395442203547588,0.01220363380457945,0.14929435617989906
12.0,0.03236252235578552,0.00947758723699621,0.1423962509874146
13.0,0.026408926677759514,0.007192928346006711,0.1358808061511057
14.0,0.02150475237401217,0.005347786401091237,0.12974397696288953
15.0,0.01924464573921575,0.0039094728382631505,0.12397058324112481
16.0,0.01810261867582974,0.0028220624958678053,0.11853979763837597
17.0,0.017037681556490047,0.0020222661467499403,0.113428493171429
18.0,0.016050955237430997,0.0014486288445898499,0.10861320660019974
19.0,0.01513984916308786,0.001047000565792433,0.10407125185127342
20.0,0.014299819860084162,0.0007725305520447368,0.09978130589324818
21.0,0.013525444904109285,0.0005894784787771057,0.0957236724220154
22.0,0.01281106295810025,0.000470184129759299,0.09188035353458535
23.0,0.012151140779745495,0.0003939164596545863,0.08823501130066169
24.0,0.011540470306180495,0.00034368081345903523,0.08477287020880753
25.0,0.010974261654445205,0.00031441532289155916,0.08148059171247396
26.0,0.01044817384774066,0.00029574805323728803,0.07834613955815184
27.0,0.009958309609652105,0.0002835521646874506,0.07535864667525627
28.0,0.009501190639679635,0.0002752961441929713,0.07250828948335242
29.0,0.009073723437042214,0.0002694533283602585,0.06978617245223973
30.0,0.00867316170716953,0.0002651099154543646,0.06718422394008888
31.0,0.008297068843661659,0.000261718641601405,0.06469510328699046
32.0,0.007943282394377194,0.0002589495119897922,0.062312118568677355
33.0,0.007609881448374434,0.00025660124292226083,0.0600291541341651
34.0,0.007295157297528387,0.00025454921313150525,0.05784060694490656
35.0,0.0069975873889443485,0.00025271489030465055,0.05574133072822329
36.0,0.006715812399379961,0.00025104777129036915,0.05372658700840938
37.0,0.006448616171715049,0.0002495146124850134,0.05179200215689489
38.0,0.006194908218497941,0.00024809293352878736,0.04993352969134557
39.0,0.005953708495107679,0.0002467670514644249,0.04814741714281323
40.0,0.005724134160371042,0.0002455256317244192,0.04643017689470197
41.0,0.005505388066499695,0.00024436015998707816,0.04477856047475204
42.0,0.005296748747613378,0.00024326399041796343,0.04318953585046803
43.0,0.005097561703713116,0.00024223184771299255,0.04166026733935413
44.0,0.00490723180311925,0.00024125916186901186,0.040188097798418365
45.0,0.0047252166502524395,0.0002403419709199328,0.03877053280334275
46.0,0.0045510207866670815,0.0002394767577379442,0.037405226567342686
47.0,0.004384190612199912,0.00023866034314712348,0.03608996938368281
48.0,0.004224309928950287,0.0002378898150743325,0.0348226764049977
49.0,0.00407099602477079,0.0002371624808169548,0.03360137759756654
50.0,0.003923896224820311,0.0002364758341506512,0.03242420873012053
51.0,0.003782684849895801,0.00023582753201678575,0.03128940327515184
52.0,0.003647060528899959,0.00023521537737947185,0.03019528511648184
53.0,0.003516743820174306,0.00023463730611106293,0.029140261970429626
54.0,0.003391475102699326,0.00023409137651375644,0.028319701151122367
55.0,0.0032710127035075476,0.00023357576060234475,0.028284000017239214
56.0,0.0031551312322207203,0.0002330887365903367,0.028251407168410986
57.0,0.003043620097506583,0.00023262868222628796,0.02822166074905122
58.0,0.0029362821835918207,0.0002321940687530777,0.028194520438037843
59.0,0.002832932667813426,0.00023178345535945777,0.028169765742440442
60.0,0.002733397962645878,0.00023139548401629462,0.028147194412414492
61.0,0.0026375147677482613,0.00023102887465409339,0.028126620972126537
62.0,0.0025451292193914288,0.00023068242064239186,0.028107875360862206
63.0,0.002456096126195295,0.00023035498452605996,0.02809080167806778
64.0,0.0023702782814618573,0.00023004549402061425,0.028075257025907407
65.0,0.0022875458435732132,0.0002297529382355723,0.028061110442919063
66.0,0.002207775776939036,0.00022947636412196104,0.028048241922475403
67.0,0.0021308513468767942,0.00022921487311555744,0.028036541509963125
68.0,0.002056661662577952,0.00022896761798785192,0.028025908472859837
69.0,0.0019851012629999443,0.00022873379987486953,0.028016250538187404
70.0,0.0019160697411088612,0.00022851266548007398,0.02800748319214061
71.0,0.0018494714024306913,0.00022830350444180691,0.02799952903701783
72.0,0.0017852149543142182,0.0002281056468567133,0.02799231720090703
73.0,0.0017232132227215646,0.00022791846094871726,0.027985782795900332
74.0,0.001663382893710541,0.00022774135087266778,0.02797986642091846
75.0,0.001605644277090923,0.00022757375464843577,0.02797451370552126
76.0,0.0015499210900052351,0.00022741514221802372,0.027969674891358626
77.0,0.0014961402584405814,0.00022726501361103324,0.027965304448178352
78.0,0.0014442317348820621,0.0002271228972229311,0.027961360721552198
79.0,0.001394128330520772,0.0002269883481875734,0.027957805609709438
80.0,0.0013457655605891294,0.0002268609468524252,0.027954604267078867
81.0,0.0012990815015572754,0.00022674029733271706,0.02795172483233578
82.0,0.001254016659053503,0.00022662602615619587,0.027949138178931535
83.0,0.0012105138454868158,0.0002265177809808172,0.027946817686249376
84.0,0.001168518066468005,0.00022641522939315095,0.027944739029683932
85.0,0.0011279764152068994,0.0002263180577674051,0.02794287998808244
86.0,0.0010888379741573195,0.00022622597019517077,0.027941220267115083
87.0,0.0010510537232518158,0.00022613868747722865,0.027939741337260682
88.0,0.0010145764541383828,0.0002260559461680911,0.02793842628520285
89.0,0.000979360689887132,0.00022597749768060726,0.027937259677531384
90.0,0.0009453626096951329,0.00022590310743830777,0.027936227435735594
91.0,0.0009125399781576005,0.00022583255407493397,0.027935316721559578
92.0,0.000880852078722627,0.00022576562868703576,0.027934515831866708
93.0,0.0008502596509837312,0.00022570213411665652,0.027933814102231072
94.0,0.0008207248314942017,0.00022564188428819687,0.027933201818537895
95.0,0.0007922110978264008,0.00022558470357458837,0.02793267013593416
96.0,0.0007646832156171235,0.00022553042619966046,0.027932211004525115
97.0,0.0007381071883734158,0.00022547889568158563,0.027931817101261885
98.0,0.0007124502098274088,0.0002254299643008606,0.027931481767510938
99.0,0.0006876806186561502,0.0002253834925968201,0.027931198951837988
100.0,0.0006637678553944593,0.00022533934890389684,0.027930963157577426
101.0,0.0006406824213844864,0.0002252974089053117,0.02793076939479311
102.0,0.000618395839627417,0.00022525755521296542,0.027930613136269142
103.0,0.0005968806174057595,0.00022521967697453071,0.027930490277198405
104.0,0.0005761102105602545,0.00022518366950008417,0.027930397098263837
105.0,0.0005560589893207069,0.00022514943391183095,0.02793033023183311
106.0,0.0005367022055892678,0.00022511687681436854,0.027930286631008383
107.0,0.0005180159615913449,0.00022508590997971645,0.02793026354129713
108.0,0.0004999771798141484,0.0002250564500568819,0.027930258474684222
109.0,0.0004825635741567136,0.00022502841829397102,0.027930269185910128
110.0,0.0004657536222273939,0.00022500174027462183,0.02793029365076849
111.0,0.0004495265387242098,0.00022497634567497649,0.02793033004625814
112.0,0.00043386224984226507,0.00022495216802853601,0.027930376732434314
113.0,0.00041874136865382994,0.0002249291445094448,0.027930432235817426
114.0,0.0004041451714155153,0.00022490721572587802,0.02793049523423001
115.0,0.0003900555747554657,0.00022488632552486454,0.027930564542942293
116.0,0.0003764551136963279,0.00022486642081021024,0.027930639102017013
117.0,0.0003633269204821876,0.00022484745136963635,0.027930717964752952
118.0,0.0003506547041652319,0.00022482936970813494,0.027930800287134988
119.0,0.00033842273092471453,0.00022481213090208563,0.027930885318206033
120.0,0.0003266158050823642,0.00022479569244893138,0.02793097239128313
121.0,0.00031521925078698,0.0002247800141311762,0.02793106091594645
122.0,0.00030421889434173455,0.00022476505789104095,0.027931150370735763
123.0,0.00029360104714326596,0.00022475078770578527,0.027931240296494478
124.0,0.0002833524892144057,0.00022473716947668532,0.027931330290306075
125.0,0.0002734604533015661,0.0002247241709187886,0.02793141999997263
126.0,0.00026391260952057793,0.0002247117614628813,0.027931509118988895
127.0,0.0002546970505234447,0.00022469991215412488,0.027931597381969833
128.0,0.00024580227717452274,0.00022468859556890042,0.027931684560492248
129.0,0.00023721718470920417,0.0002246777857248805,0.027931770459315303
130.0,0.00022893104936455577,0.00022466745800386878,0.027931854912946946
131.0,0.00022093351546009776,0.00022465758907352917,0.027931937782526298
132.0,0.00021321458291445605,0.00022464815681921824,0.027932018952994686
133.0,0.00020576459518295565,0.00022463914027448517,0.027932098330530147
134.0,0.00019857422760116705,0.00022463051955934343,0.027932175840222145
135.0,0.00019163447611897366,0.0002246222758208738,0.02793225142396588
136.0,0.00018493664641261454,0.0002246143911742715,0.027932325038556305
137.0,0.00017847234336448858,0.00022460684865288627,0.027932396653964756
138.0,0.00017223346089251246,0.00022459963215615275,0.027932466251781474
139.0,0.00016621217212087203,0.00022459272640540373,0.02793253382380978
140.0,0.0001604009198830636,0.00022458611689479824,0.02793259937079784
141.0,0.00015479240753774048,0.00022457978985268578,0.0279326629012957
142.0,0.00014937959009814206,0.00022457373220119425,0.027932724430627442
143.0,0.0001441556656542886,0.00022456793151925947,0.027932783979965348
144.0,0.00013911406708483343,0.0002245623760048776,0.027932841575500578
145.0,0.0001342484540466926,0.00022455705444734964,0.027932897247697208
146.0,0.00012955270523246076,0.00022455195618809043,0.027932951030626207
147.0,0.00012502091088884004,0.00022454707109875738,0.02793300296136858
148.0,0.00012064736558475841,0.0002245423895484988,0.02793305307948335
149.0,0.00011642656122484718,0.00022453790237753068,0.027933101426532603
150.0,0.00011235318029567676,0.00022453360087637542,0.027933148045660272
151.0,0.00010842208933908859,0.00022452947675744017,0.02793319298121777
152.0,0.00010462833264807125,0.00022452552213447774,0.027933236278432583
153.0,0.00010096712617191361,0.00022452172950315763,0.027933277983116178
154.0,9.74338516276374e-05,0.00022451809171952775,0.027933318141406427
155.0,9.402405081215814e-05,0.00022451460198180673,0.02793335679954223
156.0,9.073342010340602e-05,0.00022451125381206527,0.027933394003666456
157.0,8.755780515007361e-05,0.0002245080410401279,0.027933429799654075
158.0,8.449319573916592e-05,0.00022450495778925106,0.02793346423296439
159.0,8.153572083852145e-05,0.00022450199845791552,0.027933497348512915
160.0,7.868164380575582e-05,0.00022449915770705875,0.027933529190563022
161.0,7.592735776257298e-05,0.00022449643044875067,0.02793355980263279
162.0,7.326938112200976e-05,0.00022449381183020645,0.027933589227418176
163.0,7.070435327155566e-05,0.00022449129722534877,0.027933617506728514
164.0,6.822903039999106e-05,0.00022448888221882068,0.027933644681434125
165.0,6.584028146866538e-05,0.00022448656260154465,0.02793367079142521
166.0,6.353508431805599e-05,0.0002244843343544023,0.0279336958755787
167.0,6.131052190788688e-05,0.00022448219364290534,0.02793371997173455
168.0,5.916377868570022e-05,0.00022448013680564927,0.027933743116678955
169.0,5.7092137077829896e-05,0.00022447816034731893,0.027933765346133788
170.0,5.5092974102610714e-05,0.00022447626093058393,0.027933786694752133
171.0,5.316375809782947e-05,0.00022447443536643963,0.02793380719611875
172.0,5.130204555958695e-05,0.00022447268060932224,0.027933826882754184
173.0,4.9505478091516064e-05,0.0002244709937487821,0.027933845786123346
174.0,4.777177945586297e-05,0.00022446937200226724,0.027933863936647013
175.0,4.609875272704178e-05,0.00022446781271290295,0.027933881363716176
176.0,4.448427754394357e-05,0.00022446631333672418,0.02793389809570858
177.0,4.2926307453561297e-05,0.0002244648714443409,0.027933914160007317
178.0,4.142286734892808e-05,0.00022446348470961386,0.027933929583021072
179.0,3.997205099298684e-05,0.0002244621509102096,0.02793394439020569
180.0,3.85720186283911e-05,0.0002244608679178306,0.027933958606086856
181.0,3.722099466951789e-05,0.00022445963369654987,0.027933972254283485
182.0,3.591726547441665e-05,0.00022445844629803702,0.0279339853575319
183.0,3.4659177191975754e-05,0.00022445730385711737,0.02793399793771048
184.0,3.3445133685416906e-05,0.00022445620458722004,0.027934010015864416
185.0,3.227359452495637e-05,0.0002244551467787126,0.02793402161223077
186.0,3.1143073052686265e-05,0.00022445412879468218,0.027934032746263535
187.0,3.005213451046096e-05,0.0002244531490659396,0.027934043436658673
188.0,2.899939423661735e-05,0.0002244522060893539,0.02793405370137879
189.0,2.7983515921536917e-05,0.00022445129842529887,0.027934063557677816
190.0,2.7003209924991722e-05,0.00022445042469387833,0.02793407302212514
191.0,2.6057231652332202e-05,0.00022444958357237255,0.027934082110629477
192.0,2.5144379985464482e-05,0.00022444877379290684,0.02793409083846235
193.0,2.426349576883924e-05,0.00022444799413912087,0.027934099220280936
194.0,2.3413460347510018e-05,0.0002244472434465017,0.02793410727015061
195.0,2.259319415681693e-05,0.00022444652059716574,0.027934115001566798
196.0,2.1801655359754424e-05,0.0002244458245181935,0.02793412242747635
197.0,2.1037838531190456e-05,0.0002244451541808523,0.02793412956029835
198.0,2.0300773390213855e-05,0.00022444450859893106,0.027934136411944283
199.0,1.958952357405952e-05,0.00022444388682518746,0.0279341429938377
200.0,1.8903185453666982e-05,0.0002244432879506819,0.02793414931693322
201.0,1.824088699525772e-05,0.00022444271110366731,0.027934155391734952
202.0,1.760178665544121e-05,0.00022444215544648038,0.027934161228314366
203.0,1.6985072318287386e-05,0.0002244416201750976,0.027934166836327504
204.0,1.6389960268425874e-05,0.00022444110451813604,0.027934172225031667
205.0,1.5815694200671526e-05,0.00022444060773429975,0.02793417740330152
206.0,1.5261544261513382e-05,0.0002244401291114917,0.027934182379644554
207.0,1.4726806127962622e-05,0.0002244396679663696,0.02793418716221613
208.0,1.4210800113434452e-05,0.00022443922364201452,0.027934191758833826
209.0,1.3712870310100822e-05,0.00022443879550726464,0.02793419617699136
210.0,1.3232383756778265e-05,0.00022443838295604923,0.027934200423871916
211.0,1.2768729638346077e-05,0.00022443798540638937,0.02793420450636107
212.0,1.2321318511421264e-05,0.00022443760229706733,0.02793420843105905
213.0,1.1889581558788276e-05,0.00022443723309162333,0.02793421220429272
214.0,1.1472969867087901e-05,0.0002244368772714722,0.027934215832126907
215.0,1.107095373292788e-05,0.00022443653434078836,0.027934219320375375
216.0,1.0683021990809394e-05,0.00022443620381984442,0.027934222674611403
217.0,1.0308681365422956e-05,0.00022443588525011826,0.027934225900177828
218.0,9.947455845982223e-06,0.00022443557819018523,0.027934229002196775
219.0,9.598886083594937e-06,0.00022443528221371967,0.027934231985578872
220.0,9.262528807230108e-06,0.00022443499691271462,0.027934234855032283
221.0,8.93795626355498e-06,0.00022443472189404012,0.027934237615071147
222.0,8.624755672481665e-06,0.0002244344567795542,0.027934240270023836
223.0,8.322528705084764e-06,0.00022443420120443758,0.027934242824040723
224.0,8.030890977284155e-06,0.00022443395482019124,0.027934245281101833
225.0,7.7494715625126e-06,0.00022443371728952943,0.02793424764502389
226.0,7.477912520925667e-06,0.000224433488288156,0.027934249919467358
227.0,7.215868445042961e-06,0.0002244332675045424,0.02793425210794294
228.0,6.963006021987184e-06,0.00022443305463837326,0.02793425421381797
229.0,6.719003609378937e-06,0.00022443284940121266,0.02793425624032246
230.0,6.4835508275518094e-06,0.00022443265151450564,0.027934258190554895
231.0,6.2563481660338205e-06,0.00022443246071113254,0.027934260067487768
232.0,6.037106602463371e-06,0.00022443227673363264,0.027934261873972924
233.0,5.825547235549511e-06,0.00022443209933420416,0.02793426361274659
234.0,5.621400931687948e-06,0.0002244319282729279,0.027934265286434334
235.0,5.424407982346224e-06,0.00022443176332131998,0.027934266897555682
236.0,5.234317774660546e-06,0.00022443160425822395,0.027934268448528532
237.0,5.050888472746262e-06,0.0002244314508694778,0.027934269941673473
238.0,4.8738867112763096e-06,0.00022443130295091152,0.02793427137921782
239.0,4.703087297885933e-06,0.00022443116030435029,0.0279342727632996
240.0,4.538272928289455e-06,0.00022443102273939086,0.027934274095971212
241.0,4.379233908891056e-06,0.00022443089007284645,0.027934275379203052
242.0,4.225767891330445e-06,0.00022443076212874669,0.027934276614886885
243.0,4.077679615077656e-06,0.00022443063873600622,0.02793427780483919
244.0,3.934780659131665e-06,0.00022443051973131123,0.027934278950804192
245.0,3.7968892028783507e-06,0.00022443040495745414,0.027934280054456972
246.0,3.663829794608997e-06,0.00022443029426166827,0.027934281117406284
247.0,3.5354331286985285e-06,0.00022443018749829236,0.027934282141197267
248.0,3.411535830888379e-06,0.00022443008452521784,0.027934283127314108
249.0,3.2919802496755857e-06,0.0002244299852073306,0.027934284077182583
250.0,3.176614257249799e-06,0.00022442988941229203,0.027934284992172403
251.0,3.0652910535944322e-06,0.00022442979701653432,0.027934285873599557
252.0,2.9578689835774163e-06,0.0002244297078952684,0.02793428672272852
253.0,2.8542113532092905e-06,0.0002244296219342523,0.02793428754077433
254.0,2.7541862587798782e-06,0.00022442953901846696,0.027934288328904655
255.0,2.65766641677212e-06,0.00022442945903933254,0.027934289088241623
256.0,2.56452900365689e-06,0.0002244293818931542,0.02793428981986383
257.0,2.4746554991295078e-06,0.00022442930747734735,0.027934290524807975
258.0,2.3879315353414476e-06,0.00022442923569598872,0.02793429120407062
259.0,2.304246751405614e-06,0.00022442916645426525,0.027934291858609808
260.0,2.2234946540078404e-06,0.0002244290996613607,0.027934292489346646
261.0,2.1455724799612774e-06,0.00022442903523056668,0.027934293097166718
262.0,2.0703810678091017e-06,0.0002244289730779503,0.02793429368292155
263.0,1.997824730148867e-06,0.0002244289131216881,0.02793429424743002
264.0,1.927811132784729e-06,0.0002244288552843976,0.027934294791479616
265.0,1.8602511765442031e-06,0.00022442879949036154,0.027934295315827695
266.0,1.795058884979106e-06,0.00022442874566663829,0.0279342958212027
267.0,1.7321512936208094e-06,0.00022442869374417196,0.02793429630830531
268.0,1.6714483463964314e-06,0.0002244286436540177,0.027934296777809522
269.0,1.6128727916009389e-06,0.00022442859533233772,0.027934297230363725
270.0,1.5563500850301892e-06,0.00022442854871562723,0.027934297666591723
271.0,1.5018082955564616e-06,0.00022442850374460033,0.027934298087093704
272.0,1.4491780119807451e-06,0.00022442846035952702,0.02793429849244715
273.0,1.3983922565463658e-06,0.00022442841850423,0.02793429888320771
274.0,1.3493863981195453e-06,0.00022442837812552963,0.027934299259910145
275.0,1.302098071254143e-06,0.00022442833916946903,0.027934299623069023
276.0,1.2564670969217318e-06,0.00022442830158797555,0.027934299973179658
277.0,1.2124354042408747e-06,0.00022442826533008997,0.02793430031071871
278.0,1.1699469586456956e-06,0.0002244282303506262,0.027934300636145007
279.0,1.1289476899989381e-06,0.00022442819660284385,0.02793430094990018
280.0,1.0893854228144484e-06,0.0002244281640443324,0.027934301252409408
281.0,1.0512098113646395e-06,0.0002244281326329034,0.027934301544081996
282.0,1.0143722747879558e-06,0.00022442810232781163,0.027934301825311966
283.0,9.78825935638028e-07,0.0002244280730897552,0.02793430209647868
284.0,9.445255598206082e-07,0.00022442804488087553,0.027934302357947458
285.0,9.114274996946392e-07,0.0002244280176653124,0.027934302610070016
286.0,8.794896387276374e-07,0.00022442799140742764,0.027934302853185045
287.0,8.486713365396525e-07,0.00022442796607380355,0.027934303087618698
288.0,8.18933378998743e-07,0.0002244279416319106,0.027934303313685085
289.0,7.902379268731607e-07,0.00022442791804966333,0.027934303531686702
290.0,7.625484690909623e-07,0.00022442789529808493,0.027934303741914912
291.0,7.358297755000187e-07,0.00022442787334597813,0.027934303944650324
292.0,7.100478520150055e-07,0.00022442785216614247,0.02793430414016325
293.0,6.851698976517717e-07,0.00022442783173159953,0.02793430432871405
294.0,6.611642635045989e-07,0.0002244278120154819,0.02793430451055355
295.0,6.380004107242598e-07,0.00022442779299258753,0.02793430468592334
296.0,6.156488746023037e-07,0.00022442777463838048,0.027934304855056186
297.0,5.940812237148485e-07,0.00022442775693021222,0.027934305018176384
298.0,5.732700270044688e-07,0.00022442773984376885,0.02793430517549997
299.0,5.531888161991461e-07,0.0002244277233587333,0.027934305327235107
300.0,5.338120547260239e-07,0.00022442770745223495,0.027934305473582416
301.0,5.151151036275614e-07,0.00022442769210506697,0.027934305614735144
302.0,4.970741908638665e-07,0.00022442767729768942,0.027934305750879546
303.0,4.796663814476965e-07,0.00022442766301000727,0.027934305882195115
304.0,4.6286954757945864e-07,0.0002244276492249231,0.027934306008854826
305.0,4.466623416132798e-07,0.00022442763592400716,0.02793430613102532
306.0,4.31024168523475e-07,0.000224427623089829,0.027934306248867308
307.0,4.159351595367511e-07,0.00022442761070740058,0.02793430636253559
308.0,4.0137614798485544e-07,0.0002244275987591804,0.027934306472179413
309.0,3.8732864365842445e-07,0.00022442758723117961,0.027934306577942603
310.0,3.7377481126865675e-07,0.00022442757610796615,0.02793430667996384
311.0,3.6069744596689546e-07,0.00022442756537521813,0.027934306778376772
312.0,3.4807995341612497e-07,0.00022442755501950185,0.02793430687331025
313.0,3.3590632797508846e-07,0.00022442754502771667,0.02793430696488848
314.0,3.2416113299182925e-07,0.000224427535386873,0.027934307053231203
315.0,3.1282948054212056e-07,0.00022442752608375915,0.027934307138453865
316.0,3.0189701438754213e-07,0.00022442751710793907,0.027934307220667795
317.0,2.9134989015799917e-07,0.00022442750844642312,0.027934307299980296
318.0,2.811747597530889e-07,0.00022442750008944135,0.027934307376494855
319.0,2.7135875346750993e-07,0.00022442749202655765,0.027934307450311252
320.0,2.6188946461447316e-07,0.00022442748424622572,0.027934307521525745
321.0,2.527549343711577e-07,0.00022442747673889762,0.027934307590231106
322.0,2.4394363601354385e-07,0.00022442746949502546,0.027934307656516832
323.0,2.3544446170475908e-07,0.00022442746250483925,0.02793430772046923
324.0,2.2724670839524563e-07,0.00022442745576112255,0.027934307782171583
325.0,2.1934006511070692e-07,0.0002244274492535503,0.027934307841704184
326.0,2.1171459985147578e-07,0.00022442744297412887,0.0279343078991445
327.0,2.0436074760210587e-07,0.00022442743691530875,0.027934307954567278
328.0,1.972692995622083e-07,0.00022442743106920737,0.027934308008044584
329.0,1.9043139171115442e-07,0.0002244274254282752,0.027934308059646015
330.0,1.838384939278903e-07,0.0002244274199852958,0.0279343081094387
331.0,1.774824001654629e-07,0.0002244274147329417,0.027934308157487403
332.0,1.7135521934719122e-07,0.00022442740966488461,0.027934308203854674
333.0,1.6544936570772606e-07,0.00022442740477524037,0.027934308248600853
334.0,1.5975755007779924e-07,0.00022442740005634843,0.0279343082917842
335.0,1.542727722791959e-07,0.00022442739550343482,0.027934308333460972
336.0,1.4898831285359293e-07,0.0002244273911101713,0.02793430837368549
337.0,1.4389772590162053e-07,0.00022442738687122876,0.027934308412510184
338.0,1.3899483197743479e-07,0.00022442738278083407,0.027934308449985748
339.0,1.3427371220453566e-07,0.00022442737883399122,0.027934308486161116
340.0,1.2972870128136194e-07,0.00022442737502559318,0.027934308521083598
341.0,1.253543835399995e-07,0.000224427371350866,0.027934308554798906
342.0,1.211455855631982e-07,0.00022442736780470263,0.027934308587351242
343.0,1.1709737329779202e-07,0.0002244273643831063,0.02793430861878335
344.0,1.1320504728073999e-07,0.0002244273610821912,0.027934308649136555
345.0,1.0946413814272304e-07,0.0002244273578958511,0.027934308678450884
346.0,1.0587040327747488e-07,0.00022442735482208764,0.027934308706765026
347.0,1.0241982550951434e-07,0.00022442735185568274,0.02793430873411648
348.0,9.910860837569757e-08,0.00022442734899374983,0.02793430876054158
349.0,9.593317523703959e-08,0.000224427346231848,0.027934308786075515
350.0,9.289016739133515e-08,0.0002244273435670907,0.02793430881075243
351.0,8.997644407315875e-08,0.00022442734099525907,0.02793430883460543
352.0,8.718907990035163e-08,0.00022442733851402163,0.027934308857666665
353.0,8.452536637282293e-08,0.00022442733611960364,0.02793430887996738
354.0,8.19828124831723e-08,0.00022442733380945157,0.027934308901537933
355.0,7.955914388402263e-08,0.0002244273315799017,0.027934308922407863
356.0,7.725230710686759e-08,0.00022442732942917765,0.027934308942605943
357.0,7.506046983962733e-08,0.0002244273273536157,0.027934308962160204
358.0,7.298202486794025e-08,0.00022442732535032928,0.027934308981098013
359.0,7.101559301725402e-08,0.00022442732341765304,0.0279343089994461
360.0,6.916002737167304e-08,0.00022442732155281142,0.02793430901723061
361.0,6.74144188250736e-08,0.0002244273197531399,0.027934309034477106
362.0,6.57781006885294e-08,0.0002244273180173062,0.027934309051210734
363.0,6.425065618431702e-08,0.00022442731634186863,0.02793430906745613
364.0,6.283192505174284e-08,0.00022442731472449573,0.027934309083237532
365.0,6.390895140873099e-08,0.00022442731316407727,0.027934309098578858
366.0,6.844280936446623e-08,0.00022442731165872587,0.02793430911350367
367.0,7.329831075431059e-08,0.00022442731020655415,0.027934309128035337
368.0,7.849827315942193e-08,0.00022442730880434247,0.027934309142196967
369.0,8.361321401917365e-08,0.0002244273074519798,0.02793430915601154
370.0,8.841904841627723e-08,0.0002244273061466906,0.02793430916950193
371.0,9.373416171021276e-08,0.00022442730488692053,0.027934309182686662
372.0,9.958453628389208e-08,0.00022442730366978303,0.027934309195575158
373.0,1.0599909006092645e-07,0.00022442730249405685,0.027934309208172664
374.0,1.1300979529949018e-07,0.00022442730135807665,0.027934309220483233
375.0,1.2065181875797748e-07,0.00022442730025906688,0.0279343092325115
376.0,1.2896368722925544e-07,0.00022442729919514015,0.027934309244263794
377.0,1.3798747405813216e-07,0.00022442729816507523,0.02793430925574862
378.0,1.477690081963523e-07,0.00022442729716620757,0.027934309266976792
379.0,1.5835810429631891e-07,0.00022442729619720492,0.027934309277961505
380.0,1.698088166190992e-07,0.00022442729525684602,0.02793430928871818
381.0,1.82179715257913e-07,0.0002244272943433545,0.02793430929926434
382.0,1.955341863424387e-07,0.00022442729345362178,0.027934309309619446
383.0,2.0994076038727272e-07,0.00022442729258831395,0.0279343093198047
384.0,2.2547346517631794e-07,0.00022442729174387832,0.027934309329842893
385.0,2.4221220901177176e-07,0.0002244272909204259,0.027934309339758337
386.0,2.6024436344807e-07,0.0002244272901155142,0.02793430934957672
387.0,2.796738099442031e-07,0.00022442728932769995,0.027934309359325726
388.0,3.00607410685938e-07,0.00022442728855565086,0.02793430936904115
389.0,3.231589048580119e-07,0.00022442728779736854,0.027934309378763567
390.0,3.4744980753620425e-07,0.0002244272870515207,0.02793430938853636
391.0,3.7361026794524577e-07,0.00022442728631644204,0.027934309398404508
392.0,4.017799115074716e-07,0.00022442728559157743,0.027934309408414085
393.0,4.3210868927445745e-07,0.0002244272848740403,0.02793430941861183
394.0,4.6475775244969597e-07,0.0002244272841631645,0.02793430942904529
395.0,4.999003656025458e-07,0.00022442728345561935,0.0279343094397628
396.0,5.377228675662593e-07,0.0002244272827515159,0.027934309450813752
397.0,5.784256915664088e-07,0.00022442728204874474,0.027934309462248882
398.0,6.222244509079822e-07,0.0002244272813456405,0.027934309474120525
399.0,6.693511019895126e-07,0.0002244272806393166,0.027934309486482983
400.0,7.200551872532657e-07,0.00022442727992955103,0.02793430949939281
401.0,7.746051689516698e-07,0.0002244272792121249,0.02793430951290926
402.0,8.332898618901297e-07,0.00022442727848703825,0.027934309527094595
403.0,8.964199711969378e-07,0.00022442727775073834,0.027934309542014493
404.0,9.64329745445358e-07,0.00022442727700144882,0.02793430955773843
405.0,1.03737875373211e-06,0.00022442727623728231,0.027934309574340108
406.0,1.1159537943172815e-06,0.00022442727545501917,0.027934309591897882
407.0,1.200470950479815e-06,0.0002244272746522169,0.027934309610495214
408.0,1.2913777968637241e-06,0.00022442727382609995,0.02793430963022113
409.0,1.3891557759104778e-06,0.0002244272729741148,0.027934309651170705
410.0,1.4943227510388901e-06,0.0002244272720920426,0.027934309673445623
411.0,1.607435754003017e-06,0.0002244272711769968,0.027934309697154686
412.0,1.7290939378633574e-06,0.00022442727022631281,0.027934309722414452
413.0,1.8599417555553721e-06,0.00022442726923477263,0.027934309749349892
414.0,2.0006723749910194e-06,0.0002244272681991566,0.02793430977809494
415.0,2.1520313548406556e-06,0.000224427267116023,0.027934309808793314
416.0,2.3148205968159807e-06,0.00022442726597859952,0.027934309841599295
417.0,2.489902595381732e-06,0.0002244272647842216,0.027934309876678456
418.0,2.6782050094875665e-06,0.00022442726352689402,0.02793430991420863
419.0,2.880725578913168e-06,0.00022442726220039955,0.027934309954380843
420.0,3.0985374117609155e-06,0.00022442726079907604,0.027934309997400264
421.0,3.3327946715733248e-06,0.00022442725931659524,0.027934310043487356
422.0,3.5847386914977797e-06,0.00022442725774718397,0.027934310092879056
423.0,3.855704553024086e-06,0.00022442725608184944,0.02793431014582995
424.0,4.14712815860474e-06,0.0002244272543144854,0.027934310202613707
425.0,4.460553838459003e-06,0.000224427252435766,0.027934310263524498
426.0,4.7976425328610794e-06,0.00022442725043647638,0.027934310328878525
427.0,5.160180588548169e-06,0.0002244272483075127,0.02793431039901574
428.0,5.550089221262322e-06,0.00022442724603832787,0.027934310474301616
429.0,5.9694346911109974e-06,0.00022442724361959598,0.027934310555129113
430.0,6.420439244148035e-06,0.00022442724103721723,0.0279343106419207
431.0,6.9054928812928296e-06,0.00022442723827986732,0.027934310735130682
432.0,7.427166011042541e-06,0.00022442723533466769,0.027934310835247514
433.0,7.988223058696953e-06,0.00022442723218552008,0.02793431094279647
434.0,8.591637101040828e-06,0.0002244272288184357,0.027934311058342376
435.0,9.240605601368301e-06,0.0002244272252164281,0.02793431118249258
436.0,9.938567332945514e-06,0.00022442722136206683,0.027934311315900254
437.0,1.0689220574067182e-05,0.00022442721723570092,0.02793431145926778
438.0,1.149654267723621e-05,0.00022442721281878963,0.027934311613350526
439.0,1.236481110661325e-05,0.00022442720808857342,0.027934311778960816
440.0,1.329862606480603e-05,0.0002244272030218486,0.02793431195697224
441.0,1.4302934816801116e-05,0.00022442719759563357,0.02793431214832434
442.0,1.538305784781757e-05,0.00022442719178217274,0.02793431235402752
443.0,1.654471698669946e-05,0.0002244271855534885,0.02793431257516843
444.0,1.779406564433872e-05,0.0002244271788819363,0.02793431281291575
445.0,1.9137721324336e-05,0.0002244271717334323,0.027934313068526423
446.0,2.058280057726236e-05,0.00022442716407444774,0.027934313343352224
447.0,2.213695657904413e-05,0.00022442715586978856,0.027934313638847047
448.0,2.3808419531146097e-05,0.0002244271470812631,0.027934313956574558
449.0,2.5606040092607252e-05,0.0002244271376683482,0.027934314298216523
450.0,2.7539336067861075e-05,0.0002244271275878562,0.027934314665581716
451.0,2.9618542596976383e-05,0.00022442711679471206,0.027934315060615583
452.0,3.185466610361454e-05,0.00022442710524128717,0.02793431548541052
453.0,3.425954228403194e-05,0.00022442709287529006,0.027934315942217014
454.0,3.684589843339081e-05,0.0002244270796454284,0.027934316433455605
455.0,3.9627420433507865e-05,0.0002244270654934155,0.02793431696172978
456.0,4.2618824743712036e-05,0.00022442705036251898,0.02793431752983977
457.0,4.583593576773515e-05,0.00022442703418912302,0.027934318140797484
458.0,4.929576898704546e-05,0.0002244270169098339,0.027934318797842514
459.0,5.3016620293111494e-05,0.00022442699845781622,0.027934319504459376
460.0,5.701816196185261e-05,0.00022442697876401407,0.027934320264396073
461.0,6.13215457673788e-05,0.00022442695775670707,0.027934321081684088
462.0,6.594951374988556e-05,0.0002244269353621764,0.027934321960659786
463.0,7.092651719492471e-05,0.00022442691150559302,0.027934322905987574
464.0,7.62788444215734e-05,0.00022442688611223893,0.027934323922684787
465.0,8.203475801710214e-05,0.00022442685910539772,0.02793432501614837
466.0,8.822464219371273e-05,0.00022442683041024036,0.027934326192183806
467.0,9.48811609993716e-05,0.00022442679995260395,0.027934327457036
468.0,0.00010203942815362188,0.0002244267676623224,0.027934328817422666
469.0,0.00010973718933499077,0.00022442673347200515,0.027934330280570296
470.0,0.00011801501780167589,0.0002244266973232545,0.027934331854252717
471.0,0.00012691652427748723,0.0002244266591622246,0.02793433354683278
472.0,0.0001364885821044104,0.0002244266189507238,0.027934335367307078
473.0,0.0001467815687092866,0.00022442657666199572,0.02793433732535422
474.0,0.0001578496245151495,0.00022442653228893494,0.02793433943138672
475.0,0.00016975093047516543,0.00022442648584652947,0.027934341696606912
476.0,0.00018254800548617167,0.00022442643737896617,0.02793434413306714
477.0,0.0001963080250036442,0.00022442638696240635,0.02793434675373456
478.0,0.00021110316224887127,0.00022442633471886353,0.02793434957256105
479.0,0.00022701095347199551,0.0002244262808186459,0.027934352604558357
480.0,0.0002441146887960377,0.00022442622549367908,0.027934355865879168
481.0,0.0002625038302409566,0.00022442616904960744,0.027934359373904344
482.0,0.000282274458584697,0.00022442611187956096,0.02793436314733709
483.0,0.00030352975077280187,0.00022442605448136366,0.027934367206304322
484.0,0.00032638048964211963,0.00022442599747629632,0.027934371572465908
485.0,0.000350945607755504,0.00022442594163185614,0.027934376269132533
486.0,0.0003773527671717125,0.0002244258878908445,0.027934381321392684
487.0,0.00040573897697410155,0.00022442583739812338,0.027934386756249707
488.0,0.00043625125036472756,0.00022442579153925113,0.027934392602769503
489.0,0.0004690473030728448,0.00022442575198355907,0.027934398892240017
490.0,0.0005042962947449658,0.00022442572073200218,0.027934405658343195
491.0,0.0005421796148296631,0.00022442570017211505,0.027934412937340683
492.0,0.0005828917142869927,0.00022442569314817806,0.027934420768274293
493.0,0.0006266409841612086,0.0002244257030352692,0.02793442919318248
494.0,0.0006736506816987231,0.00022442573382919218,0.027934438257334146
495.0,0.0007241599042093205,0.00022442579025094833,0.02793444800948129
496.0,0.0007784246102506831,0.0002244258778636432,0.02793445850213211
497.0,0.0008367186869284726,0.00022442600321703754,0.02793446979184619
498.0,0.000899335061122164,0.0002244261740020903,0.027934481939553946
499.0,0.0009665868511933851,0.0002244263992429163,0.02793449501090209
500.0,0.0010388085542130665,0.00022442668950961586,0.02793450907662759
501.0,0.0011163572618291817,0.0002244270571680751,0.02793452421296272
502.0,0.0011996138955688296,0.00022442751666928995,0.02793454050207378
503.0,0.0012889844495035385,0.0002244280848802127,0.02793455803253654
504.0,0.0013849012247215131,0.00022442878147177492,0.02793457689985193
505.0,0.0014878240358044414,0.00022442962935809163,0.02793459720700535
506.0,0.0015982413643751414,0.00022443065521204897,0.027934619065073787
507.0,0.0017166714285798412,0.0002244318900500586,0.027934642593885242
508.0,0.0018436631299080242,0.00022443336991417873,0.02793466792273519
509.0,0.0019797968298116975,0.00022443513665060255,0.027934695191165537
510.0,0.002125684897907154,0.00022443723880338773,0.027934724549812107
511.0,0.002281971960828133,0.00022443973264851813,0.02793475616132708
512.0,0.0024493347657687514,0.00022444268336974105,0.02793479020138384
513.0,0.0026284815550118856,0.00022444616641126292,0.02793482685977207
514.0,0.0028201508269986575,0.00022445026902218057,0.027934866341591993
515.0,0.003025109335325571,0.00022445509202417835,0.027934908868557748
516.0,0.0032441491492029573,0.00022446075181936642,0.027934954680420523
517.0,0.0034780835670570887,0.0002244673826846677,0.027935004036523464
518.0,0.003727741638991311,0.00022447513936230123,0.02793505721750157
519.0,0.003993961013805947,0.000224484200010866,0.02793511452714109
520.0,0.004277578782585556,0.00022449476952146608,0.02793517629441443
521.0,0.00457941994432054,0.00022450708325882918,0.02793524287570795
522.0,0.004900283071187561,0.0002245214112551741,0.027935314657261998
523.0,0.005240922704331075,0.0002245380628891347,0.0279353920578439
524.0,0.005602027968968193,0.0002245573920874877,0.027935475531676357
525.0,0.005984196865618074,0.000224579803070446,0.02793556557164567
526.0,0.006387905679557215,0.00022460575665139704,0.028569423131360128
527.0,0.006813472963098477,0.00022463577709952443,0.03061346502028972
528.0,0.0072610175977930735,0.00022467045953855624,0.032791770299627654
529.0,0.007730410552396483,0.00022471047783567677,0.03511089346534668
530.0,0.008221220137139384,0.00022475659290610572,0.03757725950648849
531.0,0.008732650838406464,0.0002248096612943451,0.0401970547580105
532.0,0.009263476225499001,0.00022487064387977096,0.04297609762566024
533.0,0.009811966977990194,0.00022494061444822133,0.0459196877190573
534.0,0.010375815810042377,0.00022502076783492697,0.049032432462070064
535.0,0.010952061979770389,0.0002251124272587557,0.052318051056001236
536.0,0.011537019163288198,0.0002252170503792561,0.05577915680498774
537.0,0.012126211713680668,0.00022533623356180144,0.05941702031909196
538.0,0.012714325645298175,0.0002254717137403217,0.06323131801268145
539.0,0.013295181963370595,0.00022562536728487625,0.06721987260169265
540.0,0.01386174101769344,0.00022579920522458607,0.07137839490700071
541.0,0.014406147154140903,0.0002259953643112267,0.07570023905324302
542.0,0.014919822773288294,0.0002262160934828339,0.08017618588522957
543.0,0.015393619661755842,0.0002264637355446908,0.08479427178375631
544.0,0.01581803284726896,0.0002267407041588454,0.08953968163793702
545.0,0.01618347805532011,0.00022704945663731824,0.09439472505453306
546.0,0.01648062812363643,0.00022739246343028707,0.09933891349162399
547.0,0.016700796760116265,0.00022777217563374474,0.10434915251965893
548.0,0.016836350463828087,0.00022819099221105255,0.10940005765880734
549.0,0.01688112227276234,0.00022865122880488808,0.11446439434063604
550.0,0.016830795518099906,0.00022915509004794998,0.11951363299606599
551.0,0.016683223265320235,0.00022970464697691373,0.12451859997566211
552.0,0.016438650678095357,0.00023030182059025073,0.12945019517909073
553.0,0.01609981366225749,0.00023094837178527783,0.134280139277768
554.0,0.015671897535773804,0.00023164589689805837,0.13898170853850017
555.0,0.015479350924116675,0.00023239582709844164,0.14353041441991715
556.0,0.016081860440639306,0.00023319942905031255,0.1479045886627225
557.0,0.01665090150645243,0.0002340578037299812,0.15208584218548904
558.0,0.017180330062957605,0.0002349718802322487,0.15605937673929043
559.0,0.01766435144299605,0.0002359424018105738,0.15981414051882092
560.0,0.018097622104394806,0.00023696990224175707,0.16334283115702486
561.0,0.0184753389471346,0.0002380546718390164,0.16664176026495875
562.0,0.018793316543359695,0.00023919671374006413,0.1697106018261964
563.0,0.019048053013197896,0.00024039569248646142,0.17255205174673077
564.0,0.01923678519806571,0.00024165087802063834,0.17517142766057686
565.0,0.01935753333248358,0.00024296108908672398,0.17757623709717973
566.0,0.019409134771129266,0.00024432464046419966,0.17977573900606136
567.0,0.01939126568349059,0.0002457392984867024,0.18178051919164134
568.0,0.019304449157184322,0.0002472022489635739,0.18360209518626447
569.0,0.01915004797747022,0.00024871008094340397,0.18525256110011357
570.0,0.018930240535719234,0.0002502587888081331,0.18674427847397507
571.0,0.01864797885840286,0.0002518437940979279,0.18808961538573793
572.0,0.01830692857701688,0.0002534599873073029,0.18930073312972978
573.0,0.017911391672070898,0.0002551017886920359,0.1903894176884322
574.0,0.017466213891698,0.00025676322609691216,0.191366951861748
575.0,0.016976679736279254,0.0002584380268629838,0.19224402318285116
576.0,0.016448398699870692,0.0002601197201784755,0.19303066249245493
577.0,0.01588718698303504,0.0002618017457984845,0.1949007734066981
578.0,0.015298949094691094,0.0002634775648293619,0.19949045813510535
579.0,0.014689563638272674,0.0002651407683774698,0.20389732722658716
580.0,0.014064777162010045,0.00026678518014611186,0.2081167603751901
581.0,0.013430109304698123,0.0002684049495894625,0.21214579316659954
582.0,0.012790771664202505,0.00026999463288579495,0.21598302466586028
583.0,0.012151601938888867,0.0002715492597472613,0.21962850524752686
584.0,0.011517014020178129,0.00027306438488172713,0.2230836094535802
585.0,0.01089096391281752,0.0002745361236786703,0.2263508986274254
586.0,0.010276930676411666,0.00027596117242445484,0.2294339778303489
587.0,0.009677911046397036,0.00027733681391839404,0.232337351144268
588.0,0.009096426016131809,0.00027866090987627157,0.2350662789491076
589.0,0.008534537440095136,0.0002799318818311747,0.2376266401811361
590.0,0.007993872635802646,0.0002811486824642051,0.2400248019718768
591.0,0.007475654996164982,0.00028231075937557026,0.24226749847072626
592.0,0.006980738748258775,0.00028341801330133976,0.24436172009520385
593.0,0.006509646182097928,0.00028447075264215194,0.24631461394983323
594.0,0.006062605899218254,0.0002854696460472539,0.2481333957195987
595.0,0.005639590874357836,0.00028641567452902805,0.24982527298190604
596.0,0.005240355367120086,0.0002873100843860943,0.251397379592042
597.0,0.004864469951457839,0.00028815434193874,0.2528567205774793
598.0,0.004511354140455115,0.00028895009087259726,0.25421012681961574
599.0,0.004180306267059453,0.0002896991127302462,0.25546421869973357
600.0,0.0038705304359613057,0.0002904032909283316,0.25662537783052186
601.0,0.003581160487671764,0.0002910645784871546,0.25769972597682334
602.0,0.003311281014613754,0.0002916849695164814,0.25869311028120745
603.0,0.00305994554328215,0.0002922664744152703,0.25961109394419213
604.0,0.0028261920493352077,0.00029281109861678534,0.2604589515589927
605.0,0.0026090560072461466,0.0002933208246816976,0.26124166836116647
606.0,0.00240758119607154,0.0002937975974832696,0.2619639427199878
607.0,0.002220828491097504,0.00029424331220606614,0.262630191267317
608.0,0.002047882870312767,0.00029465980486420573,0.2632445561284108
609.0,0.0018878588572175392,0.0002950488450674804,0.263810913785576
610.0,0.0017399046093746762,0.00029541213072836747,0.2643328851683884
611.0,0.0016032048470103755,0.0002957512844676824,0.2648138466224914
612.0,0.0014769827991284457,0.00029606785145441794,0.2652569414622299
613.0,0.0013605013270358013,0.0002963632984632758,0.2656650918603405
614.0,0.0012530633676446357,0.0002966390139332864,0.2660410108706338
615.0,0.0011540118219278694,0.00029689630885787466,0.26638721441721214
616.0,0.0010766251209440858,0.00029713641832718185,0.2667060331165664
617.0,0.001036319693027976,0.0002973605035980764,0.26699962382722475
618.0,0.0009970278125641663,0.000297569654558294,0.2672699808458746
619.0,0.0009587664248268402,0.0002977648924881171,0.267518946689449
620.0,0.000921547898969588,0.00029794717302455975,0.26774822241996243
621.0,0.0008853803524918602,0.00029811738925134,0.26795937748327847
622.0,0.0008502679736853702,0.0002982763748724526,0.26815385904485955
623.0,0.000816211339015438,0.00029842490739306893,0.26833300081522937
624.0,0.0007832077229426027,0.00029856371128222925,0.26849803136565886
625.0,0.0007512513981456914,0.0002986934610839098,0.26865008194077
626.0,0.0007203339245371865,0.00029881478444859777,0.2687901937795536
627.0,0.0006904444258345466,0.00029892826506638936,0.26891932495996096
628.0,0.000661569852778543,0.00029903444548740055,0.26903835678492527
629.0,0.0006336952323843237,0.0002991338298231616,0.2691480997295673
630.0,0.0006068039028359618,0.00029922688631645045,0.26924929897059247
631.0,0.0005808777338764948,0.0002993140497818958,0.2693426395195939
632.0,0.0005558973326955652,0.000299395723914464,0.2694287509822674
633.0,0.000531842235477531,0.0002994722834618324,0.269508211965481
634.0,0.0005086910848977055,0.00029954407627286184,0.26958155415382423
635.0,0.00048642179394531304,0.00029961142521484074,0.26964926607672546
636.0,0.0004650116965335682,0.0002996746299719355,0.26971179658654565
637.0,0.0004444376854156884,0.0002997339687192957,0.2697695580672581
638.0,0.00042467633797604876,0.00029978969969768343,0.26982292939244823
639.0,0.00040570403048656445,0.0002998420626649789,0.26987225865044406
640.0,0.00038749704144369623,0.000299891280257758,0.26991786565344067
641.0,0.000370031644615354,0.0002999375592552811,0.26996004424652054
642.0,0.00035328419241764664,0.00029998109174766974,0.26999906443151955
643.0,0.0003372311902477554,0.000300022056227367,0.27003517431975677
644.0,0.00032184936237955597,0.00030006061859289,0.27006860192673154
645.0,0.00030711571001773574,0.0003000969330880787,0.2700995568210196
646.0,0.00029300756208894274,0.0003001311431601872,0.27012823163875477
647.0,0.0002795026193213035,0.00030016338226446226,0.2701548034742798
648.0,0.0002665789921459938,0.0003001937746064387,0.2701794351567942
649.0,0.00025421523292623593,0.00030022243581750985,0.27020227642210215
650.0,0.00024239036299511518,0.0003002494735964145,0.27022346498788763
651.0,0.00023108389495529735,0.00030027498829132693,0.27024312754031177
652.0,0.00022027585066985989,0.00030029907343576134,0.27026138063912575
653.0,0.00020994677534535988,0.00030032181625316845,0.2702783315479437
654.0,0.00020007774808361578,0.0003003432981151244,0.27029407899579616
655.0,0.0001906503892539213,0.00030036359496732334,0.27030871387560496
656.0,0.00018164686500710125,0.00030038277772292954,0.2703223198847756
657.0,0.0001730498892427157,0.0003004009126256202,0.27033497411268215
658.0,0.00016484272330230532,0.0003004180615866492,0.27034674757944066
659.0,0.00015700917365157885,0.0003004342824913797,0.27035770573001017
660.0,0.00014953358778868608,0.0003004496294900516,0.2703679088873302
661.0,0.00014240084859662439,0.0003004641532592389,0.2703774126679036
662.0,0.00013559636734306046,0.0003004779012473202,0.27038626836295165
663.0,0.00012910607550919995,0.0003004909179002979,0.2703945232880123
664.0,0.00012291641561212874,0.0003005032448726297,0.27040222110361456
665.0,0.00011701433118338489,0.00030051492121796475,0.27040940210944575
666.0,0.0001113872560273288,0.00030052598357044324,0.27041610351422307
667.0,0.0001060231028976455,0.0003005364663078991,0.2704223596833033
668.0,0.0001009102516951188,0.00030054640170706914,0.2704282023658897
669.0,9.603753729736653e-05,0.0003005558200847025,0.27043366090354215
670.0,9.139423710258221e-05,0.00030056474992856685,0.27043876242155274
671.0,8.697005837876581e-05,0.0003005732180212384,0.2704435320046188
672.0,8.275512548150399e-05,0.0003005812495483484,0.27044799285812604
673.0,7.873996701479591e-05,0.00030058886821060504,0.27045216645624137
674.0,7.491550298410754e-05,0.00030059609631305495,0.2704560726779176
675.0,7.127303199772062e-05,0.0003006029548626721,0.27045972993181744
676.0,6.780421855845375e-05,0.000300609463644963,0.27046315527107945
677.0,6.450108048305925e-05,0.00030061564130734464,0.2704663644987728
678.0,6.135597648970759e-05,0.0003006215054296435,0.27046937226481316
679.0,5.836159397065721e-05,0.0003006270725903759,0.270472192155051
680.0,5.5510936985192494e-05,0.00030063235843036384,0.2704748367731803
681.0,5.2797314491259684e-05,0.0003006373777109106,0.270477317816063
682.0,5.0214328826680976e-05,0.00030064214436653636,0.27047964614301356
683.0,4.7755864464371633e-05,0.0003006466715588241,0.2704818318395439
684.0,4.541607704289241e-05,0.0003006509717196071,0.27048388427602343
685.0,4.318938269121109e-05,0.0003006550565977095,0.27048581216167533
686.0,4.1070447644009356e-05,0.0003006589372992474,0.2704876235942901
687.0,3.905417816096879e-05,0.00030066262432382196,0.27048932610601006
688.0,3.7135710745150874e-05,0.00030066612760515365,0.2704909267055047
689.0,3.5310402672794616e-05,0.0003006694565386159,0.2704924319168325
690.0,3.357382281865551e-05,0.0003006726200164289,0.270493847815261
691.0,3.192174279076365e-05,0.0003006756264555266,0.2704951800602893
692.0,3.0350128364831086e-05,0.00030067848382608897,0.27049643392610334
693.0,2.8855131213201268e-05,0.0003006811996739689,0.2704976143296708
694.0,2.7433080930783227e-05,0.0003006837811494467,0.27049872585666557
695.0,2.6080477346757114e-05,0.0003006862350244388,0.27049977278539794
696.0,2.479398312316139e-05,0.00030068856771903185,0.270500759108911
697.0,2.3570416625817714e-05,0.000300690785317248,0.2705016885553886
698.0,2.240674507303364e-05,0.00030069289358625184,0.2705025646070114
699.0,2.1300077944097495e-05,0.000300694897995446,0.2705033905173849
700.0,2.0247660646899313e-05,0.00030069680373245866,0.2705041693276524
701.0,1.924686843979284e-05,0.00030069861571746515,0.27050490388139625
702.0,1.8295200594042882e-05,0.00030070033861728795,0.2705055968384261
703.0,1.7390274795414662e-05,0.00030070197686027367,0.27050625068753786
704.0,1.652982177224871e-05,0.0003007035346520581,0.27050686775832733
705.0,1.5711680150687357e-05,0.00030070501597956323,0.2705074502321314
706.0,1.4933791520954642e-05,0.0003007064246300928,0.2705080001521645
707.0,1.4194195714245517e-05,0.0003007077641998812,0.27050851943291354
708.0,1.349102627712373e-05,0.00030070903810131,0.2705090098688484
709.0,1.282250614331737e-05,0.00030071024957656345,0.27050947314250084
710.0,1.218694349036653e-05,0.0003007114017051782,0.27050991083195985
711.0,1.158272777557201e-05,0.0003007124974098163,0.2705103244178302
712.0,1.1008325946360031e-05,0.0003007135394699212,0.27051071528969184
713.0,1.0462278816070203e-05,0.0003007145305228276,0.27051108475210106
714.0,9.943197603168308e-06,0.0003007154730778616,0.270511434030167
715.0,9.44976061800773e-06,0.0003007163695152304,0.27051176427473445
716.0,8.980710104244949e-06,0.0003007172220997889,0.27051207656720444
717.0,8.534849219032914e-06,0.0003007180329843706,0.27051237192401856
718.0,8.111039147995491e-06,0.00030071880421123076,0.2705126513008318
719.0,7.708196355205033e-06,0.00030071953772625726,0.27051291559639834
720.0,7.3252899531750515e-06,0.0003007202353753069,0.2705131656561892
721.0,6.9613391977529915e-06,0.0003007208989150856,0.27051340227576437
722.0,6.615411093924273e-06,0.0003007215300151467,0.2705136262039143
723.0,6.286618114748066e-06,0.00030072213026322014,0.27051383814559016
724.0,5.974116023876874e-06,0.0003007227011672109,0.2705140387646363
725.0,5.677101799217432e-06,0.00030072324416241525,0.2705142286863409
726.0,5.3948116538471425e-06,0.00030072376061240913,0.27051440849981545
727.0,5.12651914941209e-06,0.00030072425181648654,0.27051457876021745
728.0,4.871533394346095e-06,0.0003007247190062179,0.27051473999082754
729.0,4.629197332572943e-06,0.0003007251633551089,0.2705148926849884
730.0,4.398886106926625e-06,0.0003007255859787117,0.2705150373079199
731.0,4.180005502396611e-06,0.0003007259879392876,0.270515174298414
732.0,3.971990463202957e-06,0.0003007263702442531,0.27051530407042246
733.0,3.7743036785942152e-06,0.00030072673385372894,0.2705154270145409
734.0,3.5864342359248624e-06,0.0003007270796797634,0.2705155434993992
735.0,3.407896338902816e-06,0.00030072740859210523,0.2705156538729633
736.0,3.2382280868992197e-06,0.0003007277214148729,0.2705157584637543
737.0,3.0769903093252893e-06,0.0003007280189345485,0.27051585758199137
738.0,2.9237654612934705e-06,0.0003007283018963136,0.27051595152066277
739.0,2.7781565663520524e-06,0.00030072857101270944,0.27051604055653033
740.0,2.6397862132876426e-06,0.00030072882695919567,0.2705161249510718
741.0,2.508295601000299e-06,0.0003007290703775922,0.2705162049513644
742.0,2.383343627787582e-06,0.0003007293018802981,0.2705162807909153
743.0,2.2646060262587753e-06,0.00030072952204873715,0.27051635269043983
744.0,2.151774538328155e-06,0.0003007297314367996,0.27051642085859395
745.0,2.044556130398334e-06,0.00030072993057062014,0.2705164854926607
746.0,1.9426722485116343e-06,0.000300730119949022,0.27051654677919745
747.0,1.8458581061420176e-06,0.0003007303000516215,0.2705166048946417
748.0,1.7538620096235746e-06,0.0003007304713288361,0.2705166600058827
749.0,1.6664447136660598e-06,0.0003007306342128757,0.2705167122707981
750.0,1.5833788115093839e-06,0.0003007307891136346,0.2705167618387594
751.0,1.504448149614035e-06,0.00030073093642124515,0.27051680885110674
752.0,1.429447277101481e-06,0.00030073107650641084,0.2705168534415967
753.0,1.3581809167328984e-06,0.00030073120972207157,0.2705168957368236
754.0,1.2904634659749448e-06,0.00030073133640384775,0.27051693585661596
755.0,1.2261185164952337e-06,0.0003007314568710395,0.2705169739144099
756.0,1.1649784049660994e-06,0.00030073157142795903,0.270517010017602
757.0,1.1068837799665943e-06,0.00030073168036370834,0.2705170442678799
758.0,1.0516831903117918e-06,0.00030073178395251254,0.27051707676153647
759.0,9.992326984731292e-07,0.0003007318824564953,0.270517107589763
760.0,9.493955062112036e-07,0.0003007319761235694,0.27051713683892864
761.0,9.020416038563184e-07,0.00030073206519132256,0.27051716459084185
762.0,8.570474343549961e-07,0.00030073214988446395,0.2705171909229984
763.0,8.14295573414725e-07,0.0003007322304177107,0.27051721590881395
764.0,7.736744281894303e-07,0.0003007323069929013,0.27051723961784513
765.0,7.350779462900192e-07,0.0003007323798059902,0.27051726211599725
766.0,6.984053436687176e-07,0.00030073244903960905,0.270517283465721
767.0,6.635608426064366e-07,0.0003007325148698392,0.270517303726197
768.0,6.304534242440596e-07,0.00030073257746388027,0.2705173229535116
769.0,5.989965931041397e-07,0.0003007326369792729,0.27051734120082216
770.0,5.691081528258479e-07,0.00030073269356745147,0.27051735851851366
771.0,5.407099923360192e-07,0.00030073274737196787,0.2705173749543457
772.0,5.137278846767401e-07,0.0003007327985287134,0.27051739055359225
773.0,4.880912938265425e-07,0.0003007328471681392,0.270517405359174
774.0,4.637331914025822e-07,0.00030073289341325804,0.27051741941178264
775.0,4.4058988202255733e-07,0.0003007329373824197,0.27051743274999895
776.0,4.186008409901021e-07,0.00030073297918631337,0.27051744541040423
777.0,3.977085526463142e-07,0.00030073301893129845,0.27051745742768585
778.0,3.778583639313382e-07,0.00030073305671896033,0.2705174688347366
779.0,3.5899834149866194e-07,0.0003007330926443341,0.2705174796627495
780.0,3.4107913693404157e-07,0.0003007331268005675,0.2705174899413072
781.0,3.240538571924745e-07,0.0003007331592735918,0.2705174996984656
782.0,3.0787794458309037e-07,0.0003007331901457855,0.2705175089608346
783.0,2.925090584193768e-07,0.0003007332194963075,0.2705175177536534
784.0,2.7790696766061274e-07,0.0003007332473990987,0.27051752610086255
785.0,2.6403344344227975e-07,0.00030073327392687865,0.27051753402517065
786.0,2.5085216082132433e-07,0.00030073329914559466,0.2705175415481197
787.0,2.3832860407413392e-07,0.00030073332312074985,0.2705175486901452
788.0,2.2642997687949418e-07,0.0003007333459124073,0.27051755547063405
789.0,2.151251159432377e-07,0.000300733367580297,0.2705175619079786
790.0,2.043844112842308e-07,0.0003007333881784868,0.27051756801962856
791.0,1.9417972718649423e-07,0.0003007334077600454,0.27051757382214014
792.0,1.8448433025675115e-07,0.0003007334263747108,0.27051757933122134
793.0,1.7527281914730963e-07,0.00030073344407033353,0.270517584561777
794.0,1.6652105827574815e-07,0.00030073346089221076,0.2705175895279496
795.0,1.5820611465322543e-07,0.000300733476882975,0.2705175942431589
796.0,1.5030619848754867e-07,0.0003007334920847038,0.27051759872013936
797.0,1.4280060556259855e-07,0.0003007335065344785,0.27051760297097494
798.0,1.3566966472478015e-07,0.0003007335202702688,0.27051760700713334
799.0,1.2889468414822858e-07,0.00030073353332793484,0.2705176108394972
800.0,1.2245790437237503e-07,0.0003007335457403393,0.2705176144783946
801.0,1.1634245167257973e-07,0.00030073355753867936,0.27051761793362716
802.0,1.1053229287405486e-07,0.00030073356875359725,0.2705176212144972
803.0,1.0501219482872415e-07,0.0003007335794142918,0.2705176243298336
804.0,9.976768400310476e-08,0.0003007335895479635,0.2705176272880161
805.0,9.478500773152376e-08,0.0003007335991794813,0.2705176300969978
806.0,9.005109957715973e-08,0.00030073360833593465,0.2705176327643275
807.0,8.555354547024052e-08,0.00030073361703841783,0.27051763529717054
808.0,8.12805499572633e-08,0.00030073362531091163,0.2705176377023282
809.0,7.722090533679449e-08,0.00030073363317328905,0.2705176399862559
810.0,7.33639637928718e-08,0.0003007336406475325,0.2705176421550817
811.0,6.969960797409414e-08,0.0003007336477507394,0.2705176442146222
812.0,6.621822556951429e-08,0.00030073365450311584,0.2705176461703994
813.0,6.291068366248709e-08,0.00030073366092087106,0.27051764802765477
814.0,5.976830530496358e-08,0.00030073366702088045,0.27051764979136406
815.0,5.678284531462907e-08,0.0003007336728190202,0.27051765146625106
816.0,5.394647151213405e-08,0.00030073367832950115,0.27051765305679965
817.0,5.125174107334374e-08,0.00030073368356731134,0.27051765456726706
818.0,4.869158320985889e-08,0.00030073368854632854,0.27051765600169475
819.0,4.62592797401129e-08,0.00030073369327754396,0.2705176573639194
820.0,4.3948447769892596e-08,0.0003007336977749464,0.2705176586575836
821.0,4.175302337205977e-08,0.000300733702049083,0.2705176598861455
822.0,3.966724360093821e-08,0.000300733706111056,0.2705176610528883
823.0,3.768563550110571e-08,0.00030073370997285576,0.2705176621609291
824.0,3.58029974556473e-08,0.00030073371364269796,0.27051766321322746
825.0,3.401438786188038e-08,0.0003007337171300195,0.27051766421259316
826.0,3.231511214174532e-08,0.0003007337204449234,0.27051766516169395
827.0,3.0700709752196076e-08,0.0003007337235958474,0.27051766606306304
828.0,2.9166942527858453e-08,0.00030073372659000785,0.2705176669191053
829.0,2.7709784244933644e-08,0.0003007337294351764,0.2705176677321042
830.0,2.63254094079457e-08,0.0003007337321397907,0.270517668504228
831.0,2.5010183590801205e-08,0.0003007337347104011,0.2705176692375353
832.0,2.3760653999893577e-08,0.00030073373715344687,0.27051766993398085
833.0,2.2573539371073537e-08,0.00030073373947514526,0.27051767059542076
834.0,2.1445723530355565e-08,0.00030073374168138045,0.2705176712236175
835.0,2.0374244402709962e-08,0.0003007337437779256,0.27051767182024433
836.0,1.9356289349126143e-08,0.000300733745770998,0.2705176723868903
837.0,1.8389184730516206e-08,0.00030073374766503846,0.27051767292506446
838.0,1.7470391022733622e-08,0.0003007337494652651,0.27051767343619937
839.0,1.6597495711145882e-08,0.0003007337511757857,0.2705176739216557
840.0,1.576820651827404e-08,0.00030073375280170733,0.27051767438272545
841.0,1.498034540858839e-08,0.00030073375434591654,0.27051767482063527
842.0,1.4231843037393332e-08,0.0003007337558142975,0.2705176752365501
843.0,1.3520734198912976e-08,0.00030073375720940376,0.27051767563157636
844.0,1.2845150387796878e-08,0.0003007337585351211,0.27051767600676446
845.0,1.2203318022763199e-08,0.0003007337597952242,0.27051767636311186
846.0,1.1593551119126744e-08,0.00030073376099304383,0.270517676701566
847.0,1.1014247514040676e-08,0.00030073376213057834,0.27051767702302665
848.0,1.0463886312983561e-08,0.0003007337632124907,0.27051767732834797
849.0,9.941021450465826e-09,0.0003007337642405572,0.27051767761834133
